a,b,c,d,y
1.764052345967664,0.38273243001226814,0.555962679709798,0.013239767667533552,0.044873849452154335
0.4001572083672233,-0.03424228053195387,0.8924738873315303,-0.12194492760027727,-0.08792389744661389
0.9787379841057392,1.0963468456657985,-0.4223148241252707,0.3390592559424304,0.23671262849002003
2.240893199201458,-0.23421580134453654,0.10471402943328433,-0.5896320419510298,-0.15073596183351412
1.8675579901499675,-0.3474506524985633,0.2280533251240672,-0.8958157604108271,-0.12815642298915722
-0.977277879876411,-0.5812684768603252,0.20147994670443287,0.5483281304979799,0.07401843236912428
0.9500884175255894,-1.6326345262344952,0.5407735853003902,0.09866745381579567,-0.3184905845594228
-0.1513572082976979,-1.567767724308454,-1.8180776303835695,0.1971810551973674,0.05053307403835458
-0.10321885179355784,-1.1791579306376878,-0.04932407014757259,1.0590272544419663,0.059764067649395514
0.41059850193837233,1.3014280716647608,0.2390336012467649,-1.0225643912606857,0.14845401046879836
0.144043571160878,0.8952602728899299,-1.0003303489537054,-0.8552404572508642,0.05080041209877489
1.454273506962975,1.3749640663929898,1.67398570701071,1.2572196508289941,0.25011601922074794
0.7610377251469934,-1.3322116545945017,0.16155926723816796,-1.4828833575740425,-0.16424422047865037
0.12167501649282841,-1.9686246897860202,1.5634047450289295,-1.3094121463310142,-0.002050316809372413
0.44386323274542566,-0.6600563201340829,-0.7905230218330772,0.8178618311849958,-0.05586648394379526
0.33367432737426683,0.175818953296028,-0.907300121525327,0.23820019202203863,-0.01584665262591393
1.4940790731576061,0.4986902749098275,0.2242522209656819,0.10523213705927585,0.1780629504343233
-0.20515826376580087,1.0479721559680528,-1.6786883628286566,-0.09165940810038319,-0.04359257762765297
0.31306770165090136,0.2842796708072146,0.21496559062609352,0.03126754702756948,-0.13877679498796114
-0.8540957393017248,1.7426687806556311,0.09721923200291803,-0.09211211469195592,-0.25978092276629017
-2.5529898158340787,-0.22260568094832048,1.0156652815421012,1.3554427025944182,-0.0012154483993521564
0.6536185954403606,-0.9130792180417964,0.7010413411650971,-0.3981481287500751,-0.07150552549951217
0.8644361988595057,-1.6812182154944335,-0.417477349885034,-0.16137353627777917,-0.324844634733009
-0.7421650204064419,-0.8889713580954499,-1.0974966547702447,1.7944488052250736,0.2287421805965294
2.2697546239876076,0.242117960985123,1.7123052213432965,0.0275097020298358,0.07696371722314226
-1.4543656745987648,-0.8887202573536308,-0.79211502056515,2.2320163895251777,0.2628364845162902
0.04575851730144607,0.9367424635352571,-1.0455245570694658,-0.10497970101895356,0.0034716674870964763
-0.1871838500258336,1.412327706037443,-1.0848560594614451,1.3674149824601585,-0.014533368042321866
1.5327792143584575,-2.369586905226603,1.1173053155366646,-1.6553440383096778,-0.5924218980855972
1.469358769900285,0.8640523004976479,-0.5189002044248521,0.15364446081566638,0.27760717659993833
0.1549474256969163,-2.2396040586617367,-0.7537044661806008,-1.5844735631509355,-0.044545529947353016
0.37816251960217356,0.4014990550902875,0.13768982590334733,0.8444543066045863,0.0400705297814491
-0.8877857476301128,1.2248705641936597,-0.20694471055729102,-1.2128678162090247,-0.2271709969995921
-1.980796468223927,0.06485610634357618,-0.6780954607862469,0.2837695543833455,0.03857843518352479
-0.3479121493261526,-1.2796891732042395,0.7539914669784796,-0.2821958766904351,0.15513145255322142
0.15634896910398005,-0.5854312042777726,1.0653154920979948,-1.1582031851840289,0.015575329587721967
1.2302906807277207,-0.2616454457109007,0.9853175089398669,-1.6193599828975425,-0.06807955780384907
1.2023798487844113,-0.18224478378994294,0.766919669661199,-0.5110404635801098,0.03684823600997934
-0.3873268174079523,-0.20289684076666706,0.4026255311300352,1.7406294458953309,0.07370212531720156
-0.30230275057533557,-0.1098827793093138,-1.775887999961829,-0.2934850548893775,0.04624780880222598
-1.0485529650670926,0.2134800489101689,1.6692508063769687,0.917221542115856,-0.09436758976037014
-1.4200179371789752,-1.2085736537332212,0.30198921035755294,-0.05704286766218815,0.3307227236439092
-1.7062701906250126,-0.2420198298702195,0.6081564276006415,0.8767267736904524,0.036450432429597515
1.9507753952317897,1.5182611703557054,1.1149623229474022,-1.8269113783045177,0.4764001288080694
-0.5096521817516535,-0.38464542314251776,1.4333525028819918,-0.40318830684953333,0.042474576253861626
-0.4380743016111864,-0.4438360931551978,0.4183980113091925,0.9494055237932187,0.04089185824979151
-1.2527953600499262,1.0781973037142378,0.4355461592956536,-0.16325494883317873,-0.2722637885900062
0.7774903558319101,-2.5591846663440965,-0.5992242774597194,-0.08645528271104713,-0.3884865548613793
-1.6138978475579515,1.1813786012882859,0.0330897511387602,-0.43046191188579297,-0.46362444183039314
-0.2127402802139687,-0.6319037580051673,-0.8541612608143545,1.149379383367124,0.06893479438759903
-0.8954665611936756,0.16392857245258663,-0.7199405321418947,0.2975143539549459,-0.127171012994524
0.386902497859262,0.09632135592119682,-0.8935744023141913,0.04402227617534797,0.028205189540455918
-0.510805137568873,0.9424681192203938,-0.15602389099728736,0.6430545453392927,-0.14373000815862869
-1.180632184122412,-0.2675947462353477,1.0490931879200103,0.5882249291179367,0.09614301111448367
-0.028182228338654868,-0.6780257815644504,3.1709747732901796,0.2125870464375366,0.00666118162683952
0.42833187053041766,1.2978457906510987,0.18949963754791346,1.5470314969908445,0.1195071522398738
0.06651722238316789,-2.36417381714118,-1.34841308775612,-0.06028753363911904,-0.09397970162205056
0.3024718977397814,0.02033418170524325,1.264983329856256,0.278081047967944,-0.031746777317326724
-0.6343220936809636,-1.3479254226291204,-0.3007838764760271,-0.6429525533528905,0.19231012540444167
-0.3627411659871381,-0.761573388256559,-0.660608593976992,0.1501152270061292,0.09284042332848022
-0.672460447775951,2.011256681463137,0.2098494779230553,1.5877615237453675,-0.11314780682436995
-0.3595531615405413,-0.044595426455857026,-1.2406245995562275,-0.6432576017887388,0.015408099826525518
-0.813146282044454,0.19506969715138117,0.22246316400860677,-1.1335928256384589,0.018429196941316082
-1.7262826023316769,-1.7815628557055914,-0.08837552319915497,0.9967596428198156,0.5483170048731696
0.17742614225375283,-0.7290446587946957,0.09837790681547566,-0.14876615223367926,-0.09186571770768555
-0.4017809362082619,0.19655740072878491,0.38141625420917086,0.09600420496977001,-0.032449874931177104
-1.6301983469660446,0.3547576931132181,0.0674922572408068,-0.045113303693334814,-0.173995960712025
0.4627822555257742,0.6168865543932788,0.016338084112892493,0.07912172392953508,0.13123082997506547
-0.9072983643832422,0.008627898917576322,0.2843145189979445,0.8505306835234382,-0.021992314777885495
0.05194539579613895,0.5270042084546597,0.41540062617112683,-0.8391241905992737,0.07416420374289154
0.7290905621775369,0.453781912635684,-1.0314824603152577,-1.0117740841054885,0.15770731005626404
0.12898291075741067,-1.8297404110045314,-1.4299912586854484,0.08496813703770767,-0.06396876366217777
1.1394006845433007,0.03700572191014953,-0.061638052172214755,-1.6064396894498327,0.033628111327712755
-1.2348258203536526,0.7679024077327037,-1.432735489934108,-1.3730535360419285,-0.2686180968331111
0.402341641177549,0.5898798207345195,0.08753147092167086,1.866683148331627,0.07357182486866365
-0.6848100909403132,-0.3638588099707899,0.9387468756823101,0.7574683300614039,0.06612446002050425
-0.8707971491818818,-0.8056265075393678,0.6071116719160459,-0.010056471869014538,0.1189331409934971
-0.5788496647644155,-1.1183119243216322,-1.0481704068254731,1.2380069359584398,0.189054773415963
-0.31155253212737266,-0.13105401154141233,-0.8602624519575188,-1.040599230085145,0.09604780839771587
0.05616534222974544,1.133079879559722,0.3283012950007554,-0.3156031233858582,0.04759454658716739
-1.1651498407833565,-1.951804101481602,-0.40129780513351004,0.6234536094243824,0.5108086822018225
0.9008264869541871,-0.659891729729498,-0.31665529505210693,0.8906716814313947,-0.12068960336815603
0.46566243973045984,-1.139802455426774,0.5969064812479539,0.5129168468277764,-0.1454651839230961
-1.5362436862772237,0.7849575212405001,-0.9872866934576524,-2.5412388076882246,-0.3518812136715359
1.4882521937955997,-0.5543096265713009,-0.40123470991118243,-0.968082117664578,-0.16321782712844546
1.8958891760305832,-0.4706376581547914,-0.8000824760846013,0.47706809235686526,-0.2809205952637679
1.1787795711596507,-0.216949569936649,-1.0431294980353556,-0.35595149304680634,-0.10294718373268946
-0.17992483581235091,0.4453932508947973,-0.8570781886711647,2.5402316207591715,0.04473238093150817
-1.0707526215105425,-0.39238899814963674,0.6774621693464117,0.9265583009670965,0.1697148926942513
1.0544517269311366,-3.0461430547999266,0.05182038948242156,0.5580818806186658,-0.7191103539654365
-0.40317694697317963,0.5433118913875197,-0.8791606288350748,-1.1169495537467236,0.028175630712429615
1.2224450703824274,0.43904295767204254,-0.23110160759299653,-0.03529673960291556,0.10197103670760566
0.2082749780768603,-0.21954102833121325,-1.6388073071221778,0.24120396421895252,-0.014354027488271559
0.9766390364837128,-1.0840366206719345,-0.7333128075836657,1.1277836301278024,-0.2538051254958628
0.3563663971744019,0.3517801106813583,2.149574534867287,0.8811310970996323,0.07156148199659498
0.7065731681919482,0.37923553353558676,-0.0902438496657506,1.0329891945199456,-0.025807258504161934
0.010500020720820478,-0.4700328827008748,0.7316589270303925,-0.923912015810002,0.021947111360628675
1.7858704939058352,-0.21673147057553863,-0.06548837514448298,1.4121516982986309,-0.12568173594471313
0.12691209270361992,-0.9301565025243212,0.34816923524180865,-1.3804307523072692,0.006466806272364928
0.40198936344470165,-0.17858909208732915,0.663258089679174,-0.5359145616661618,0.06446320668260513
1.8831506970562544,-1.550429345083481,-1.1046165975264708,0.43077113494564145,-0.7495471132303586
-1.3477590611424464,0.4173188210318355,-0.030936257273958937,-0.14989159173313932,-0.0944816213165894
-1.2704849984857336,-0.9443684908242939,1.5788651944164882,-1.0060368579203915,0.20285037892636273
0.9693967081580112,0.23810314783231212,-0.795500550053291,-0.8215498256031326,0.014917801031992438
-1.17312340511416,-1.4059629162678993,-0.5664398537322193,-1.5482543228490424,0.447600830300191
1.9436211856492926,-0.5900576458695397,-0.30769127736700175,0.5319746390071913,-0.15908687882999317
-0.41361898075974735,-0.11048940506592783,0.26902407317624666,1.2605688450421493,0.0437625992968923
-0.7474548114407578,-1.6606998118692633,0.5249178636458827,-0.10039350340136602,0.22833694463833257
1.9229420264803847,0.11514787314009216,1.2674116548186567,-0.4003488150134234,0.012234516362102384
1.4805147914344243,-0.37914756287992274,0.49949823346865946,-1.4723229284664896,-0.13339447302486518
1.8675589604265699,-1.7423561978092306,-0.06205312579833403,0.9132019242521776,-0.5734269715443988
0.9060446582753853,-1.3032427541123157,1.2591671296108138,2.211304333239493,-0.11792992795379034
-0.8612256850547025,0.6051200840821667,0.7041110221415822,-1.7974558043668976,-0.09454612065844145
1.9100649530990337,0.895555985551324,-1.4956795162570162,-1.0634329381546068,0.4091352267265781
-0.2680033709513804,-0.13190863977996706,2.5263682403559984,-0.6795930425441441,-0.1369035126472008
0.8024563957963952,0.4047618120404975,1.7699213881967337,-0.564317909682489,-0.006193862342383685
0.947251967773748,0.2238435633129107,-0.1682142227670741,0.227345950143481,0.03735260120445822
-0.1550100930908342,0.32962298212773805,0.37791010173847506,1.6142495472802274,0.06053356974794563
0.6140793703460803,1.285984007080293,1.3243587499958391,1.0085972868601036,0.0922830108200606
0.9222066715665268,-1.506998398214272,-0.17220079269688263,0.5275973827743159,-0.2626262069800934
0.37642553115562943,0.6764607323616232,0.7303517903770194,-0.7239287040586021,0.10959560273038621
-1.0994007905841945,-0.3820089555778202,1.1045784735714765,-1.1196282336804544,0.07522451409350385
0.298238174206056,-0.22425893425164034,-1.014825907734441,-0.7967753063063009,-0.02390524245735853
1.3263858966870303,-0.30224973045507003,-0.6023318535828621,1.5480668013787386,-0.1566000747923969
-0.6945678597313655,-0.37514711666128386,0.9214083978105813,-0.06174330145790107,-0.016119854110983475
-0.14963454032767076,-1.226196191783019,0.4608144771488305,-0.4468362536626212,0.05440460395238009
-0.43515355172163744,0.18333919925760125,0.9237965603139469,-0.18375573024999226,-0.023513209816443253
1.8492637284793418,1.6709430327888573,-0.13256801465371804,0.8246182196384677,0.6409611875464888
0.6722947570124355,-0.056133020448757114,-0.289005210954233,-1.3128496745497917,-0.01037449437871726
0.40746183624111043,-0.001385042735095726,-1.9986394755833727,1.4148741359224224,0.033019170389972076
-0.7699160744453164,-0.6872990371566635,-1.1460004265074433,0.15647625694629896,0.098067818120305
0.5392491912918173,-0.11747454641811148,0.04706609465849369,-0.2163439782957261,-0.029330493357838647
-0.6743326606573761,0.46616642603403075,0.8245572195642364,0.442846113746739,0.04083912976149929
0.03183055827435118,-0.3702424407043429,0.5311783665356953,0.21839707312993703,-0.042119960245490855
-0.635846078378881,-0.45380404105200106,-0.12824197402770202,-0.34419645646738123,0.04515026206903078
0.6764332949464997,0.4032645401632468,-0.27177156649069667,-0.2527106720416067,0.028222793247597064
0.5765908166149409,-0.9180047698190454,0.21717963263828013,-0.8688625468659522,-0.07921672929459164
-0.20829875557799488,0.2524966270768724,0.07821118109215218,0.6563907508593024,0.0407626751970035
0.3960067126616453,0.8203217972614217,1.404545514939712,-0.5319938094111618,0.02581166587187854
-1.0930615087305058,1.3599485416794843,0.14644077047824985,-0.9562584224322828,-0.31041255378463856
-1.4912575927056055,-0.09038200727694681,-1.4812459621972984,0.16586352265353732,0.02435506181119715
0.4393917012645369,1.3675972398067135,-1.272558135032317,1.3291412827455533,0.1877043652159983
0.16667349537252904,1.034409886481518,1.5187593369635801,-0.048344623779819615,-0.01052167853176798
0.6350314368921064,-0.9962126403710662,-1.1711604614500803,-0.6081012569516899,-0.18402465198708742
2.383144774863942,-1.217938511593151,0.7644974530335336,0.4038960208359738,-0.6221269253304064
0.9444794869904138,-0.30496363785442043,-0.2683727352093812,1.936712462402552,-0.1299610015359963
-0.9128222254441586,1.0289354925948542,-0.16975829390248548,-1.4519055294317473,-0.20007108773971102
1.117016288095853,-0.0722870075600049,-0.1341327827684201,0.3822027877852936,0.02829888718416364
-1.3159074105115212,-0.6006575576577885,1.2213849594591983,0.2050866252318538,0.1418010200392846
-0.461584604814709,1.5522431800485608,-0.19284182854396467,1.1615338035591172,-0.20398522538990008
-0.06824160532463124,0.2869044880033464,-0.03331928284515295,0.9909091736848452,-0.07395484412089878
1.7133427216493666,-2.3205942757907416,-1.5308034973994926,-0.18670911180977923,-1.1373450108697398
-0.7447548220484399,0.31716062629268876,0.2066905117080033,-1.6845172554248828,-0.12800621745970908
-0.8264385386590144,0.5200406145708678,0.5310425069780597,0.8065637678962596,-0.024407203198387704
-0.0984525244254323,0.2256086544711038,0.23914558065378702,-0.8351926901914831,-0.0010447636881642571
-0.6634782863621074,0.44971210023199254,1.3978962610867354,-0.9467404109571895,-0.12700230862087386
1.126635922106507,-0.06727560892298173,0.05517135478023174,1.1483505806911263,-0.06329127325318373
-1.0799315083634233,-1.3183958696447342,0.2989774561190176,-0.9108503776386525,0.23247348809007637
-1.1474686524111024,-0.37070400322045344,1.648504010268179,1.4028447401002433,0.025320364929055914
-0.43782004474443403,-0.9456157955562914,-1.5500141893581478,0.335844721405313,0.045506611238420314
-0.4980324506923049,-0.9327409107943778,-0.45582534779936884,0.3191184000862824,0.058493411658945525
1.9295320538169858,-1.2630683491022754,1.4261587520192662,0.30726478050559103,-0.41347165869719665
0.9494208069257608,0.4524890926396464,0.9361291483110824,-1.6384236257417921,0.03680653649328398
0.0875512413851909,0.09789614541262709,0.6783800988404703,-1.7763886163465759,0.05790722810079136
-1.225435518830168,-0.44816536268070806,0.8326507394644783,0.2155530537886848,0.09940059463862301
0.8443629764015471,-0.6493379277303881,0.3270662091210221,0.5680073592264201,-0.15258572381848068
-1.0002153473895647,-0.02342310502145217,1.6315974275322715,0.08261103215620101,-0.013198274004503222
-1.5447710967776116,1.0791947281124892,0.3777591697307179,-0.8215345170195275,-0.3539785021921441
1.1880297923523018,-2.004215715498915,0.23986710589527857,0.018922103882194737,-0.46941414387233815
0.3169426119248496,0.37687652085089274,0.15895867412564327,-0.08203415314548415,0.06692901178238428
0.920858823780819,-0.5457119740177824,0.19286395555038602,-0.9571580982754103,-0.08415843320255843
0.3187276529430212,-1.8845858449794477,-1.1570172808158679,1.0139721541121614,-0.04202291364876738
0.8568306119026912,-1.9457030831639588,0.7706730544633433,-1.7302760615500858,-0.2701019855573452
-0.6510255933001469,-0.9127834941352918,-0.13043973378332732,0.5887424068075064,0.07635293932853758
-1.0342428417844647,0.21950955579304526,1.821915097860406,0.3843234052112453,0.007208084292628855
0.681594518281627,0.3930629339800916,-0.07565047058842289,1.0097118548117143,0.10840162279279664
-0.8034096641738411,-0.9389815726777853,0.4209182841756566,-1.0053118723488588,0.1938705413677524
-0.6895497777502005,1.0170209914132446,0.24660218626133443,0.101407146668211,-0.18837695566263235
-0.45553250351734315,1.4229834965161061,-0.6255570351092533,2.171164949318166,-0.1555642198463993
0.01747915902505673,0.3960865849565602,0.9921368285185058,0.6620742889997063,0.05774598874858572
-0.35399391125348395,-0.5914026678081108,1.9050636405600176,0.10058120872896319,-0.05391769139040351
-1.3749512934180188,1.1244191845103682,-0.014777219659844777,0.5391612741141966,-0.3350917053037135
-0.6436184028328905,0.7553956956633383,-0.3004787855854223,0.08617684238012002,-0.1748013744135422
-2.2234031522244266,0.867407411354918,-0.3550287310553741,2.19089801323984,-0.4618294376154436
0.6252314510271875,-0.6564636749715315,-1.8923618933173414,0.9836361957891795,-0.18269799700637152
-1.6020576556067476,-2.8345545052747023,-0.17781314370301254,-0.08561495423049709,1.0042422577538357
-1.1043833394284506,2.1167910214836754,0.25099811600832395,0.25233143138452124,-0.456927735097745
0.052165079260974405,-1.6108784034499337,1.0547579251802828,-0.39079799608101357,-0.05704638505499997
-0.7395629963913133,-0.03576807186022113,0.9600477411499279,1.209850126410305,-0.047341942524185054
1.5430145954067358,2.3807453512197503,-0.4164990824366925,-1.4061047713910109,0.8085503789661858
-1.2928569097234486,0.330576756274374,-0.27682299477388833,-1.604738529860987,-0.09104427380493925
0.26705086934918293,0.9492464735582357,1.123905305614439,1.4587147496759936,0.10859839800115857
-0.0392828182274956,-1.5023965693817127,-0.17346389707287913,2.1531197925705827,0.037228728686550555
-1.1680934977411974,-1.7776669547337063,-0.5100295397556169,0.4683049076895917,0.39088112941628017
0.5232766605317537,-0.5327027919795545,1.3925184494342724,0.11273794123573726,-0.07505484430259779
-0.1715463312222481,1.0907497344345,1.037585667050634,0.6572676903047773,0.02251207938913542
0.7717905512136674,-0.34624944764730997,0.018791791774257802,-0.6470535263827593,-0.08430042665097466
0.8235041539637314,-0.7946363210714987,-0.5937774477786675,0.1712435451522125,-0.061785521790170994
2.16323594928069,0.19796728994496746,-2.011880319244709,0.03890870585621503,0.08840306726888081
1.336527949436392,1.0819352184772653,0.5897036055747239,0.6265642507453606,0.28732714979328805
-0.3691818379424436,-1.4449401990733717,-0.8963697225521802,-1.5579985281833963,0.08693282368895905
-0.2393791775759264,-1.2105429941233516,-1.962732009140752,-0.5070347697653375,0.06992795423813762
1.0996595958871132,-0.7886692545093662,1.584820527349018,0.8449956030008372,-0.0767780324749153
0.6552637307225978,1.0946383747120914,0.6479677910098883,-0.675593827630063,0.12064397111828808
0.640131526097592,0.2348215259487319,-1.1390081931169653,-0.9933613754231354,0.0796047491999371
-1.6169560443108344,2.1321534105704436,-1.214401382959259,2.042072149826954,-0.8870496513881485
-0.024326124398935636,0.9364457258311158,0.8709617821716196,0.03811800017940036,0.03381315413049734
-0.7380309092056887,-0.03509517686967038,-0.8779706165358702,-0.5789181399432078,-0.03812577623624711
0.27992459904323824,1.265077838088766,1.2961498675278833,-1.6923704374741084,0.04516619389210253
-0.09815038964295794,0.21149701273187801,0.6164593126261553,0.7293463462804262,0.01751661655641483
0.9101789080925919,-0.7049213525074449,0.5365965205668235,0.6991361537186938,-0.1583379318491136
0.31721821519130206,0.6799748442451024,0.4046954556143003,-0.29875960056993595,0.12138481914165539
0.7863279621089762,-0.6963266538610828,0.19145087202391178,-1.1022301909070906,-0.14433117003783177
-0.46641909673594306,-0.29039710080386677,0.8805111991771105,-0.024549423642379036,0.00803298083328054
-0.9444462559182504,1.327782695957983,-0.45408036251560513,-0.8358560674816213,-0.3261839946730582
-0.41004969320254847,-0.10128148621739935,0.08595197343438468,-0.9420935888731159,-0.09899968668272369
-0.017020413861440594,-0.8031413873416283,0.7519465876771957,-0.10321275146170758,0.09222247789143
0.3791517355550818,-0.46433769143549164,0.5629897185861278,-1.0513903986600646,-0.04186439731647054
2.259308950690852,1.021790585588673,-1.1949868052686603,0.24664895525244618,0.5843145367580688
-0.04225715166064269,-0.5525406734167292,-0.500409667304264,0.6079925094063973,-0.004746659564162595
-0.955945000492777,-0.38687084685064654,0.25280350541915453,-0.8396324471731914,0.14139888797203437
-0.34598177569938643,-0.5102927396336285,-0.4080147090398969,-1.3682450953383907,-0.009807474628832365
-0.4635959746460942,0.18392549434030994,1.7746585609733332,1.561279598955807,0.0213922063913738
0.4814814737734622,-0.3854897603756083,-0.39315319475411287,-0.9402702359572048,-0.061478613652674985
-1.5407970144446248,-1.601836048972537,-0.16221844757669085,-0.6599427051023377,0.4803391831185629
0.06326199420033171,-0.8871809418450403,0.7694301781773039,0.21301716742988736,0.018624942028705307
0.1565065379653756,-0.9327890415064383,0.33053274323491577,0.599369372522297,0.022024975540619728
0.23218103620027578,1.2433193844551549,-0.14527445720476923,-0.2563168936896428,0.033767571946860676
-0.5973160689653627,0.8126740421090424,-0.7564935288807483,0.46079432770125556,-0.15283447493634605
-0.237921729736007,0.587259379399826,0.3015140573967662,-0.400986157896401,-0.08480985609511063
-1.4240609089825316,-0.5053583172644099,1.0390964403783927,-0.9711706648243907,0.174342191504917
-0.49331988336219407,-0.8157915419939713,0.4790952240982286,1.4263168607870274,0.04468841289317531
-0.5428614760167177,-0.507517601657357,-0.7781835214561222,2.488441614331128,-0.027197481229475823
0.4160500462614255,-1.051880102551674,1.7367749569767108,1.6959695330141693,0.005535548943553348
-1.1561824318219127,2.497200391587007,-1.4465778900358943,0.14180663915345446,-0.8810109175609655
0.7811981017099934,-2.245321648371402,-1.582685641802789,1.8334353618156785,-0.47430752815939015
1.4944845444913688,0.5640085350738091,0.9605572244572284,0.35570351572398445,0.1505847275820903
-2.0699850250135325,-1.2845522979925272,0.2258404786026901,-0.47728627040322935,0.5232142155679796
0.42625873077810095,-0.10434349149469264,-0.5494985463040403,0.46637957438197886,-0.039212541930169695
0.6769080350302455,-0.9880019424937344,-1.0985707275553296,-0.09439250641118496,-0.15314131066928452
-0.637437025552229,-1.1776289624826308,2.320799839280298,-0.9831181837457077,0.0191495693828143
-0.39727181432879766,-1.1401963009349616,0.11709087215544195,-0.898321971432016,0.11792246768078353
-0.13288057758695562,1.7549861537420586,0.5342011708457715,0.8020517387405159,0.03571188684251185
-0.2977908794017283,-0.13298842230959199,0.3178850972381816,-1.846531981664673,0.05164844428658308
-0.3090129690471222,-0.7657021944780863,0.43480795773115793,0.6041367404426842,-0.05744061616476952
-1.6760038063299767,0.555786964082873,0.5400944605248059,-1.6295836027484383,-0.21734857013104683
1.15233156478312,0.010349314566299353,0.7324240097548762,-2.121176444902436,-0.00730932744367885
1.079618592036821,0.7200337593416528,-0.3752224007606727,-1.8388466037584985,0.19243318222087083
-0.8133642592042029,-1.82425665593783,-0.2916419863518446,1.9667639719347398,0.30980592614063635
-1.466424327802514,0.3036039044620014,-1.7410228083589014,-0.196233964943542,-0.16127172499889883
0.5210648764527586,0.7726948371023817,-0.7803044065015394,0.08658318016541909,0.1251804620464033
-0.5757879698130661,-1.6615982911145637,0.2711127964467149,1.4192550459109512,0.2397116356787511
0.14195316332077967,0.44819528442331247,1.0450233755026905,0.9341797484997248,-0.0010898877230089959
-0.3193284171450952,1.6961815728281606,0.5990395263761841,-1.3915052694042196,-0.060291344306346424
0.6915387510701866,-0.014857703354702717,-0.34069234387793046,0.8690063428187611,-0.13115773133121142
0.6947491436560059,0.8214059370248112,-1.2631729120851543,0.1841812647035463,0.105839938155491
-0.7255973784635843,0.6705704503109099,-2.7773591454274333,-0.3416780975958806,-0.2349755794627748
-1.3833639553950554,-0.7075056975105769,1.151733974780799,0.024290914137780388,0.13467120207273997
-1.582938397335082,0.03976673458649517,-0.5892289865101498,1.279812020628022,0.002368417083518348
0.6103793791072052,-1.5669947108616025,-0.44846500620405927,-0.8859664820409529,-0.15945284504531504
-1.188859257784029,-0.4513030371025261,0.13157396790806872,0.40088567910412115,0.12988924589403072
-0.5068163542986875,0.2656879749662359,-1.4055600473918899,-0.009657236532908346,-0.0685733017837402
-0.5963140384505081,0.7231004937377982,-0.3497821801115369,-1.7971646153956184,-0.16886416325895506
-0.05256729626954629,0.024612125247911617,2.023471949769974,-0.8022531717308108,0.02766399615539705
-1.936279805846507,0.7199837301431654,0.5053869385773427,0.19321355323369646,-0.34513172081852883
0.18877859679382855,-1.1029062129553697,0.3592491565134564,1.2973420890928906,-0.0061978106994995605
0.5238910238342056,-0.1016972745548716,-1.5824944779817585,1.0013310173467296,-0.025012272160765393
0.08842208704466141,0.019279384513077216,2.2436018945826404,0.597212504403425,-0.0585564074440554
-0.3108861716984717,1.8495912466796365,-1.4227949086263427,-0.8152756611364586,-0.14638059951201535
0.09740016626878341,-0.21416665620008424,1.9223247554443985,1.801213990808535,-0.00315722456356999
0.3990463456401302,-0.4990166379941829,-2.1150560151878075,0.21524046763961147,-0.07085400059213495
-2.77259275642665,0.02135122384354861,1.4053654387244203,-1.0063655216785503,-0.013453143154659388
1.9559123082506942,-0.9191134448699437,1.6180542690002255,-0.182904980856951,-0.25066032495900276
0.39009332268792646,0.19275384906521617,-0.8244091213278346,0.8962484253561593,0.06422920988591484
-0.65240858238702,-0.36505521654625767,0.42258037227288275,0.007617498318158107,0.06875176062299887
-0.3909533751876011,-1.7913275480411837,0.547480572104665,0.886864686582761,0.17684875117049798
0.49374177734918845,-0.05858655113386085,-0.8137944832313059,1.1036939574621503,-0.009116973464436256
-0.11610393903436653,-0.31754309393019925,-1.4491176107369304,0.40053068459870617,0.09130573871060772
-2.0306844677814944,-1.6324233020679833,-1.3177173431407654,-0.857702623046894,0.9287950852014957
2.0644928613593194,-0.06713415461452177,0.5410082199598076,0.13545466318998053,-0.052197835818756075
-0.11054065723247261,1.4893559620744803,-0.08511560251940574,0.045165855938831004,-0.08819185543087434
1.0201727117157997,0.5213037482757137,-0.5643010333021604,1.8593463338516283,0.13018523040565733
-0.6920498477843912,0.6119271927311578,0.9667680111664602,-1.62632193782683,-0.13629986292520402
1.5363770542457977,-1.3414967255830426,0.5080679093914777,-0.13482245109435406,-0.4228553228427036
0.28634368889227957,0.4768983689222224,-0.7554627263656334,-0.5840935467949193,0.044126727443728066
0.6088438344754508,0.14844958138007808,-1.2012015190173893,0.3351056201959989,-0.006601951419387988
-1.0452533661469547,0.5290452383344316,0.5232617386880769,-2.437564359199356,-0.14678533239178562
1.2111452896827009,0.42262862170882565,-0.5375833685580619,1.11492455949028,0.11298195689833952
0.6898181645347884,-1.3597807255038137,0.09920486253150243,0.013748487335533657,-0.1803166364559279
1.3018462295649984,-0.04140081155796743,1.5762989726277177,-1.8447011636280461,-0.01848741904262631
-0.6280875596415789,-0.757870860425166,0.5023282400747796,-0.3611131347398661,0.06763317077357621
-0.4810271184607877,-0.05008409428482209,-0.8622669997532367,0.6089623416545242,0.04855460191445096
2.303916697683942,-0.8974009269018305,0.16066118981977281,-1.5914478754580315,-0.38351275739714996
-1.0600158227215473,1.3124703671409963,-0.9526449528153877,0.003222216443155699,-0.35491168415408236
-0.13594970067832082,-0.8589723884443423,1.6085221559487237,-1.05747364780153,0.1408867704427969
1.1368913626026953,-0.898942156465536,-0.5615787496032209,-0.5559850318789673,-0.2205703724197814
0.0977249677148556,0.07458640654355353,0.20727074697361864,0.02673838267463693,0.0580000214600061
0.5829536797532936,-1.0770990694039948,0.307732574679432,0.1834502535815763,-0.14634793901984783
-0.3994490292628752,-0.4246633024328657,0.15925046837370244,-0.47074249818272723,-0.03526797995318346
0.37005588784751875,-0.8299645975379619,-1.9585489551365387,0.27279638953026414,-0.14057031127791036
-1.3065268517353166,1.4111720638896117,-1.4464210639833286,0.8179776072548057,-0.5322391662015824
1.658130679618188,0.7858038268311726,-0.4523502755690917,-0.2789142751032398,0.26168361596335105
-0.11816404512856976,-0.057469518465394644,0.31943183333153063,1.4315677574492909,0.06809591740556466
-0.6801782039968504,-0.39121705217401626,-0.13777921428577067,1.4622141707804195,0.048725469371308186
0.6663830820319143,0.9409176145751134,-0.9571474731510168,-0.42870206558582885,0.1781648244689586
-0.4607197873885533,0.40520408032288807,-1.348424319121701,-0.6378405564735843,-0.05344871029424534
-1.3342584714027534,0.4980524046828567,-0.4015575444993436,-1.6641729851661735,-0.16618983059291817
-1.3467175057975553,-0.026192237344250482,-0.46847604467972315,-0.12656933163938985,0.00968383643973671
0.6937731526901325,-1.6882300277714322,0.5128364575927566,-0.3634377801160514,-0.12675587287440443
-0.1595734381462669,-0.11246598255955272,-0.3263184621583181,0.7790512201329916,-0.03455750524321213
-0.13370155966843916,-0.5324899192090677,0.6027076564293296,-1.5096616060682988,0.05105672359428248
1.0777438059762627,0.6450552734598769,-0.5946497697204054,-0.27739139174310984,0.10650873071288564
-1.1268258087567435,1.011842432994189,-0.2559576692142683,0.9687443931111454,-0.26331858902487987
-0.7306777528648248,-0.6579510447611686,-0.3480463796426194,-0.7303570955579599,0.10352287997226485
-0.38487980918127546,0.46838523427705164,-0.7823669669020897,-0.7623615367276093,-0.026423707500549863
0.094351589317074,1.7358789976857132,0.6251186564337302,-1.4469403347558085,0.10327278472333563
-0.042171451290578935,-0.667712720570559,-0.813595997094507,2.6205738460182393,0.004222025854220858
-0.2868871923899076,1.6819217400731377,-0.521641509970619,-0.7474731780653794,-0.14992601932528588
-0.0616264020956474,-0.852585847170647,-0.07311964594819724,-1.3003468322183391,0.04316641247042667
-0.10730527629117469,0.022959755607951444,-1.2973796559567399,-0.80385040403152,-0.018873884866539757
-0.7196043885517929,-0.011145611841841251,-0.3249349583204991,-0.7742950804868045,0.013649654933867546
-0.8129929885540773,0.011498899870062375,-0.7113063597427886,-0.2693897784512403,-0.007990929105728213
0.2745163577239395,-0.8376780419079453,-0.3881541924822496,0.8253722320875148,-0.14703494433605255
-0.8909150829955279,-0.5911831037644297,-0.05992800267109062,-0.2983231689958337,0.13203161268892497
-1.1573552591908536,-0.6677202863593994,-0.7999136231406647,-0.9228233149968279,0.2131621365994931
-0.3122922511256933,0.3269625954044574,-0.2200757798203556,-1.4513384981910251,0.02496841754770954
-0.1576670161638159,0.33003511451031164,1.3086687523521792,0.02185735821987137,0.0817748604313474
2.2567234972982093,2.225944331738259,-0.02579855825448711,0.04253907402979072,0.9501236704646121
-0.7047002758562337,1.3709890062911214,1.1452621730192247,1.5309323510288246,-0.1313910823044904
0.9432607249694948,-0.5098432421384791,0.3464944420067607,0.09244773546980858,-0.06948486321194
0.7471883342046318,0.32486961579618606,0.7741606098188164,-0.09900831128407737,0.021084701055190475
-1.188944955203736,0.9971179807917595,-0.7744589687708259,-1.0506538365874896,-0.26070483047494397
0.7732529774025997,0.030601824338517807,0.10490716508551272,-0.3059525750983919,0.029617682154145362
-1.1838806401933177,-0.06964157844693558,0.1339129226154759,-0.43847445803460605,-0.04487483916496238
-2.659172237996741,0.05157494276988904,-0.6126257388749357,-0.37016416451370254,-0.018948254873126253
0.6063195243593807,0.8672766288084278,-0.8228283242942818,-0.9592553926405882,0.07998662179031524
-1.7558905834377194,-0.8483205228052325,-1.4902653879072982,0.5383296032761768,0.39181476770248436
0.45093446180591484,-0.32566946882017417,1.496139636951632,-0.14244541750936937,-0.11134383403733758
-0.6840108977372166,0.47043314484648185,-0.9724028893524976,-0.2003534800049874,-0.10356218386925199
1.6595507961898721,0.3114470715541555,1.3462210732223001,-1.7140461160489964,0.0712655619920461
1.068509399316009,0.23958275985639133,-0.4674931736578535,0.4936440875248639,0.08397294160379347
-0.45338580385138766,-0.3698011663038032,-0.8624932997247339,0.48701532598037944,0.04056761326096142
-0.6878376110286823,0.9725357891425369,0.6225191403049977,-0.8391294028422137,-0.19609073774904562
-1.2140774030941206,2.1338682472045374,-0.6311919417468571,0.9901213838791937,-0.5498875709718176
-0.4409226322925914,0.4064154936762062,0.5684589189242769,-1.3647582300824324,-0.03811018981097795
-0.2803554951845091,-0.1931767015498399,-0.3328117648522096,-0.021869908789079875,0.036022550420674336
-0.3646935443916854,0.7557402888945426,0.48042449611778676,-0.2712073398901639,-0.0019937518233693746
0.15670385527236397,-0.53913263675299,-0.9681860639071049,-1.3171747888057943,0.05017585710712591
0.5785214977288784,-0.7496903447028966,0.8313510579847683,0.18970261207999575,0.02368544982891685
0.349654456993174,0.0328087476137118,0.4879726826630046,1.7025701522417913,-0.001521598659895193
-0.764143923906443,-2.5827966329699446,-0.9196506900626618,0.06763423006691976,0.49924725065938785
-1.4377914738015785,-1.1539503636520094,2.6429357210147417,-0.46302175410905094,0.16316345112813824
1.3645318481024713,-0.34796185592084583,0.540123026400494,0.44702415688567826,-0.03262296814085601
-0.6894491845499376,-1.3533888581477134,2.2904670705305388,0.10571999546715494,0.06874370255480251
-0.6522935999350191,-1.0326431018921296,1.6002678187487591,0.027762131625501486,0.011791832885892667
-0.5211893123011109,-0.4367483374580074,-0.1888347802177838,-0.42554221277144805,0.08883186494728561
-1.8430695501566485,-1.6429652935306092,-0.4122717546045429,1.4219755592924648,0.6339584767772911
-0.4779740040404867,-0.4060717962598319,-0.4034591834208012,0.4563633634807854,0.08110597896563695
-0.47965581400794766,-0.5352701645328445,-1.8300285504278102,-0.5286706589354886,0.10139671633718501
0.6203582983435125,0.025405208385016018,-0.6958351193495473,-0.10800383678095793,-0.0778384856859266
0.698457149107336,1.1541840304940192,0.24676602397997058,-0.7408667042040726,0.017662694089682934
0.00377088908626934,0.1725044164928659,1.5259575608848084,-0.608291150081495,-0.054730409259058824
0.9318483741143037,0.021062021342063624,-0.7727718829782021,-0.640725724190199,0.005467477405098374
0.339964983801262,0.09945445703071175,0.8820565993630106,-1.1343115937222275,-0.05534065156457162
-0.01568211160255477,0.22739277512112846,-1.252593341503319,0.7772769637679554,-0.03358966358151418
0.16092816829822298,-1.016738648609769,-0.5863200252111324,-0.29104146327302577,-0.1100185707809665
-0.19065349358139935,-0.11477532477079817,-0.45764059428952597,0.5541275783267697,0.013311287960569986
-0.3948495140334503,0.3087512418366131,0.3718110814974935,-0.6701258977272965,-0.018153149887426057
-0.26773353689396645,-1.3707599825430605,0.45730964672081126,-0.06036249439233865,0.04317933250256173
-1.1280113314700069,0.8656529228158533,0.9623417448143452,-0.7110405967911112,-0.09391901566707699
0.280441705316296,1.0813760344581897,0.7708369604049367,0.7196681705373317,0.12743669696925658
-0.9931236109295807,-0.6313759884493888,0.24316821540249173,-0.24841930670503823,0.1478541067408821
0.8416312640736364,-0.24133779145310455,0.3903649435086224,-0.7308735859513859,-0.12767013214271195
-0.24945858016094885,-0.8781903428100731,1.5885306910975325,-1.6417032288097841,-0.021983980604069184
0.04949498165009074,0.6993804835878171,-0.5109261812322631,0.2756665493407744,0.028067644862387185
0.49383677628095635,-1.0612222874459092,0.7747283190671621,-0.7083850523381071,-0.12218030309067472
0.6433144650629279,-0.2224770102429203,-1.8081439264982515,-0.015779217120995174,-0.06919452537342147
-1.5706234086334527,-0.8589199078076716,0.4113342428976086,-0.4917301080135276,0.29424727694708863
-0.20690367616397173,0.050954277011289496,-0.4832495424791074,0.9541895808987649,0.023209623385647492
0.8801789120807822,-1.794229271489721,0.002571182431510025,0.544144752358008,-0.2499784945793373
-1.6981058194322545,1.3264616423656934,1.0400862450537032,0.4472120874548315,-0.3943810064884013
0.3872804753950634,-0.964606424206264,0.16464380952639762,-0.6161211233234792,-0.003571545782303495
-2.2555642294021894,0.05989468311627605,0.8851875412089273,0.4662900435501895,-0.05066187241401215
-1.0225068436356035,-0.2125230447703092,1.4737648151384048,1.714831608676043,0.10854179140671846
0.0386305518401881,-0.7621145119224981,0.38909396886572056,-0.832186034150062,-0.0001713204827571953
-1.6567151023219537,-0.8877801366359354,1.1710410646204883,0.17233913922918878,0.1953133511815881
-0.9855107376841507,0.9363985435524596,-0.3265609776792077,-1.649216974417132,-0.27902387476260226
-1.4718350074635869,-0.5256405931019397,-0.008209882269614045,1.3985620921255355,0.13991211242753707
1.6481349322075596,0.2711701846373109,-0.522619416398478,-0.3979120985908414,0.08700678471610704
0.16422775548733395,-0.8014968853943748,1.042977594646376,0.7825788808419775,0.021101112624865585
0.5672902778526694,-0.6471814318477607,0.4140913537935951,-1.723228250716323,-0.07334140903792785
-0.2226751005151545,0.47224715008784873,-0.5072344618949226,1.7975393871259047,-0.045027601472771774
-0.35343174875719907,0.9304084961111163,0.1546688336463322,-0.35687152802559846,-0.009941924257287807
-1.6164741886510325,-0.17531640232701995,1.0415683888185818,0.5456573234700275,0.035666100764622406
-0.2918373627478628,-1.4219198716404369,-0.039267991037953184,0.1508182063325938,0.05483873826562212
-0.7614922118116233,1.9979560797500047,-0.9489328108497634,-0.2554707861877694,-0.34683182531815326
0.8579239242923363,-0.8565493082342095,0.1319117557874122,1.6857923026593036,-0.16768447014519586
1.1411018666575734,-1.5415873996717875,-1.9805655910689397,-1.6480462063661798,-0.5496551810190765
1.4665787155741776,2.594424587768152,0.768770644399475,0.29871365999200894,0.629727581132066
0.852551939461232,-0.40403229385093714,-0.4213275873246805,0.9106456722299703,-0.08637904901072635
-0.5986539369229861,-1.4617326882614081,-0.46931073627910674,-0.029856121636366265,0.20075209423740054
-1.1158969859603944,-0.6834397667886818,0.8756956787795067,-0.1181707843665918,0.11109080377284236
0.7666631816450861,0.36754489602226903,-1.3651628772251687,-0.14268771207346503,0.07685033329905935
0.3562928174722889,0.1903115575939397,1.9470986428203578,-1.227636420410408,0.050534024294269106
-1.7685384506770307,-0.85172919725359,-0.4802420417382233,0.03812738409493465,0.35380365173846856
0.35548179274376907,1.8227236001279594,-0.5232509433848951,0.5127175234723987,0.16878411311741487
0.8145198224878663,-0.5215796779933731,1.021224743167163,0.06859922748066052,-0.10232809552747996
0.058925589181629955,-1.184686590411552,0.7086952731104266,-0.2722761011450806,0.03041306282855988
-0.18505367100934153,0.9606933984606597,2.451229719075076,-0.48972502237302673,0.009618989498561426
-0.8076484876163557,1.3290628465396823,-0.21120598363152,-0.27929666927837216,-0.17393058966756078
-1.4465346995633879,-0.8174930976162265,-0.12040663866440973,1.2577442174960383,0.20602406046565575
0.8002979493400275,-1.4013472930393105,-1.4793159799632536,-2.0866349794205425,-0.3271676667516601
-0.3091144447717088,1.0304382674156047,-0.33210227734882514,0.040071456547775455,-0.03656030830532161
-0.23346666154369272,-2.0473236130579617,-0.7214312955717558,-0.32775491729641676,0.08127459616860241
1.7327211869191332,-1.2266216593966155,-0.44876701310549916,1.4558079518368434,-0.47829898974896606
0.6845011068591904,0.967446150050235,-1.7441877565539552,0.05549222544380277,0.2996859101522653
0.3708250012811021,-0.05535254802238957,1.660607559894514,1.484925598699954,0.09450633344168573
0.14206180518723566,-0.26393734859268786,-1.4166034824256406,-2.123890018045559,0.05153337491663397
1.5199948607657727,0.35281660649437835,-2.802202798391713,0.4595849048340562,0.2909369515496737
1.7195893074161945,-0.15277442354540868,-1.1884244215830193,0.28005786003768013,-0.1198866178199987
0.9295051114795281,-1.2986867221630902,-0.603839552796151,1.390533967073938,-0.24896058030161622
0.5822245913979243,1.2760753460061875,-1.1495540632571182,-1.6413486088230291,0.174999079659067
-2.0946030712061448,1.3250140528868153,1.0983035407325124,-0.1550358081183258,-0.5080352464318658
0.12372191423350658,0.2053325637779597,-0.13783917859609385,0.06606026178649259,-0.020225426118206942
-0.130106954193704,0.045134015432010274,0.025385604406458987,-0.4957954945452093,0.004614736549476068
0.09395322938556872,2.339624806020058,0.6103917643054128,1.2165777137429403,0.011812249224413832
0.9430460873225178,-0.2764328450158372,0.28601252697811796,-0.3386821854453976,-0.07685671269848554
-2.7396771671895563,-0.25957698183403943,0.978567297446043,2.0347625440211536,0.15855317053940698
-0.5693120534701851,0.36448124924050557,-1.1094775536361452,1.0541779089389227,-0.04613033215431016
0.26990435494076137,1.4713219561423383,-0.5475181006794317,0.9508336970037996,0.10086275639854637
-0.4668455460527625,1.5927707544174836,0.6659671460695378,0.5592989813908843,-0.12564221569982253
-1.4169061131262595,-0.25857263167677125,-2.53455446208423,-1.063695591025548,0.11481806155012628
0.8689634868967954,0.30833124595934525,-1.3751844793172407,-0.4310963375107571,0.005386502147451747
0.27687190584612803,-1.3780834670640771,0.5009922321799466,0.5727513668572158,-0.05383245066737817
-0.9711045704444846,-0.31197610791621294,-0.48024903499492544,0.6775570335877171,0.04167872530109848
0.3148172045158238,-0.8402903954793065,0.9361075501096976,1.3071838450812574,-0.145103311610205
0.8215857120497958,-1.0068317522989838,0.8091802968531627,-0.46744100962590635,-0.16202342379437032
0.005292646299360854,1.6815767162673276,-1.1980928801910382,-0.8601533849246632,-0.0522699690790558
0.8005648034309968,-0.7922866618061449,0.4066570874668812,0.8591041927855306,-0.08238153380455984
0.07826017516166135,-0.5316059080114549,1.2016978556675064,-0.8096265760401127,0.01937284498214927
-0.39522898265435435,0.3658487879168582,0.1474344016509719,0.8733118360704122,-0.0032458501781092823
-1.159420516399913,1.2978252669735855,-0.9774648772458692,1.1997361764150378,-0.4073259411259955
-0.08593076697161273,0.4811151263888354,0.87938994191337,0.45615303582705535,0.0295457965067017
0.19429293804577166,2.759355114021582,0.6354245265539955,-0.3575790319685979,0.11111697453374628
0.8758327615873309,-0.07466797825114957,0.5426107834987963,0.04108222614387957,-0.03229161812116069
-0.11510746848722672,0.25871644022974605,0.7159388934369917,0.5934659196032391,-0.02787689834900079
0.4574156062209908,0.27560067398405635,-2.994612860227619,0.010185518712073464,0.10749810725172156
-0.9646120137337284,1.4350493867891545,0.8809375610809715,2.1982963386704926,-0.25906203855391646
-0.7826291558275251,0.5072389511096153,1.8081318105789754,-0.9906709306271492,-0.043126857034171275
-0.11038929902688775,-0.1162297003871491,0.436638474629293,-1.002668587369791,0.05405785823431818
-1.0546284639850139,-0.9474885949068795,0.19272899649972683,-0.9768953867353252,0.2878993653042271
0.8202478373246812,0.24444345596163258,0.6964386733914393,-0.5895799225452156,0.11839182609550818
0.4631303293186071,1.4013448312919596,0.3382254736851153,-2.1789315201949093,0.1666181110087076
0.2790957643924534,-0.4103817936578706,0.651781261700616,-0.6296504269401813,-0.09556100516191027
0.33890412521594454,0.5289436184165822,0.0014710002454108063,-0.653284701927889,0.0013892687596820386
2.0210435614847975,0.24614778868484416,-0.7667048545369003,0.07851402517417629,0.09011057554140704
-0.46886418796679563,0.8635196583813146,-1.0043227122146134,0.41780058320608143,-0.018670372025287887
-2.201441285500558,-0.8047537406378693,-0.9981917282318641,-1.2402163364077703,0.40773849781198485
0.1993001968964652,2.3466470305265617,-1.3730425509508952,0.9000542427640723,0.1482558518217209
-0.050603540961665895,-1.2791611070282582,-1.0677420110191065,1.8022422297905472,0.021504653936482983
-0.5175190425104033,-0.3655510899860373,1.761266127419863,-0.20828510309499634,-0.018776445687721192
-0.9788298593587699,0.9380925409056455,0.7540956636562427,1.5743712374755716,-0.14048782697244727
-0.43918952180214793,0.29673317249411335,-0.6250273906846713,0.19898949440518773,-0.009873290786546782
0.18133842921782128,0.8299861590811032,-0.3903926939855081,1.9887319185953911,-0.030137722781220955
-0.5028167006425383,-0.49610233398256237,0.11255753090645429,1.1172834656881903,0.1099352135251086
2.4124536795437486,-0.07480498268034107,-0.6555450294843581,-1.5639046348397663,-0.14586432666712948
-0.960504381633148,0.012231983638817386,0.06751685717432486,0.018627370661355457,-0.03185632529193832
-0.7931173627076716,1.5692596145359043,0.777604137902912,1.0543249749040777,-0.16682071742741247
-2.2886200400145285,0.690429024383049,-0.035742733548173485,0.030546581040616888,-0.37796422389698414
0.251484415021537,0.7966721083646714,0.33601574266199213,-0.036883530845066945,0.0550601528087964
-2.01640662779976,-0.6579260925367952,0.8864915393596159,1.269764750314304,0.16055332865036187
-0.5394546333745014,0.9688826385630508,-0.2721317560182082,-0.709854182146104,-0.11520171362311735
-0.27567053456055696,0.22558166356880352,0.28479059913436316,0.017515613278218337,-0.12745567208368044
-0.7097279658468882,1.3891453156779274,-0.30937759288336136,0.3236257646091187,-0.2523171685167091
1.738872677454511,2.014060154918468,-0.0285288698344164,-0.33379096035356415,0.627312242382791
0.9943943913154989,-0.30676577602700456,-0.32473026508296,-0.020129103877537476,-0.08533493957722021
1.3191368763015756,-0.40630313044506255,-0.5288698535561153,0.7750232632241703,-0.14063494067766616
-0.8824188185499185,-0.8640449911023695,0.17371185298702344,0.43283762149999394,0.11368672271170344
1.1285940645145685,-0.14357951171632055,0.5665453158182124,-0.8087175319795337,0.010785507028813892
0.4960009463439622,-0.3820254489503836,0.14630444600104425,-1.1041239857992617,-0.08116360215630036
0.7714059486768455,0.35950439957101016,0.498726958311932,-0.7891021802566502,0.08215352224657077
1.0294388287827672,-0.14456681693373594,-0.7379317802412299,0.0012484557884866053,0.046545836219473675
-0.9087632459590531,-0.3615992807816198,-1.2037351921997794,-0.15993978775704282,0.09351411745607115
-0.4243176209779015,1.0645851361278518,0.41704350296760356,-0.8319574932171248,-0.12627258252304635
0.8625960113284511,-0.9378802311514517,0.6878813911747546,-0.5981504525164858,-0.20470121138593533
-2.655619092974933,0.43310795315134365,0.04985726659982265,-1.5200392851920637,-0.26325207858424116
1.5133280825732052,-0.4059417271884834,1.3480357804247187,0.41785370321732596,-0.061541580572133804
0.553132064207584,0.7243685048699644,0.9076987979878987,-0.04001872535163292,0.07560145185389157
-0.045703960660234855,1.3852615467222305,2.6805708407690005,-1.2597873434052702,0.038596631421917084
0.2205076557571733,-0.3030982534240727,-0.20080851399566557,0.02862050418778282,0.024590138753827366
-1.0299352833089765,0.44103290727315136,-0.9988487960953681,1.3426220105103532,-0.10648563254018183
-0.34994336458910474,0.17879286573317985,-0.7401367907395136,-0.7399358529652597,0.00898676375618457
1.1002843382203737,-0.7994223995430966,-0.5654978063746563,1.3151376657209723,-0.10558959182462593
1.2980219723262212,0.24078750974193844,0.4760313834381145,-0.3234574724834238,0.12785835679447186
2.6962240525635797,0.28912050527881217,-2.158068563961257,0.19782816784986781,0.2591598375504378
-0.07392466628041514,0.4128708204461747,1.3185510180908366,0.09775080242218528,0.044653539054310874
-0.6585529668050037,-0.19839889682004574,-0.23929659114234414,1.4015234160052454,0.05673726240246228
-0.5142339659399888,0.09419230031014657,-0.24679355778875178,0.1584338467855317,0.04662904485547481
-1.0180418752873648,-1.1476109448431353,-1.0793431660249952,-1.1419014192038466,0.3315706930204824
-0.07785475594085076,-0.35811407547985674,-0.11422555145018021,-1.3109703704412123,-0.04300182834965102
